{
    "mu_hats": [
        1.9463749394519274,
        2.2799652810257487,
        1.9575692462161496,
        2.0627957297998383,
        2.2799652810257487,
        2.165783352030682,
        1.9105531578064165,
        2.1142895409152604,
        2.3045927559070374,
        2.1613056293249935,
        2.0941397887396604,
        1.7784603379885946,
        1.9508526621576163,
        2.282204142378593,
        2.3672808737866817,
        1.820998703692639,
        1.7403996949902392,
        2.179216520147749,
        1.7560717244601503,
        1.8948811283365055,
        2.143394738502238,
        2.1501113225607713,
        1.8098043969284168,
        2.0135407800372604,
        2.2777264196729043
    ],
    "delta_mu_hats": [
        0.25864708076465776,
        0.25864708076465776,
        0.25864708076465776,
        0.25864708076465776,
        0.25864708076465776,
        0.25864708076465776,
        0.25864708076465776,
        0.25864708076465776,
        0.25864708076465776,
        0.25864708076465776,
        0.25864708076465776,
        0.25864708076465776,
        0.25864708076465776,
        0.25864708076465776,
        0.25864708076465776,
        0.25864708076465776,
        0.25864708076465776,
        0.25864708076465776,
        0.25864708076465776,
        0.25864708076465776,
        0.25864708076465776,
        0.25864708076465776,
        0.25864708076465776,
        0.25864708076465776,
        0.25864708076465776
    ],
    "p16s": [
        1.6877278586872697,
        2.0213182002610908,
        1.6989221654514919,
        1.8041486490351806,
        2.0213182002610908,
        1.9071362712660245,
        1.6519060770417588,
        1.8556424601506027,
        2.0459456751423795,
        1.9026585485603358,
        1.8354927079750027,
        1.519813257223937,
        1.6922055813929586,
        2.023557061613935,
        2.108633793022024,
        1.5623516229279812,
        1.4817526142255815,
        1.9205694393830914,
        1.4974246436954926,
        1.6362340475718478,
        1.8847476577375801,
        1.8914642417961136,
        1.551157316163759,
        1.7548936992726027,
        2.0190793389082464
    ],
    "p84s": [
        2.2050220202165853,
        2.5386123617904066,
        2.2162163269808075,
        2.321442810564496,
        2.5386123617904066,
        2.42443043279534,
        2.1692002385710745,
        2.3729366216799184,
        2.5632398366716953,
        2.4199527100896514,
        2.3527868695043184,
        2.0371074187532523,
        2.209499742922274,
        2.540851223143251,
        2.6259279545513396,
        2.0796457844572966,
        1.9990467757548969,
        2.437863600912407,
        2.014718805224808,
        2.153528209101163,
        2.4020418192668958,
        2.4087584033254292,
        2.0684514776930745,
        2.2721878608019184,
        2.5363735004375623
    ]
}