{
    "mu_hats": [
        3.150882347282235,
        2.9180407665864134,
        3.43074001638779,
        3.276258583041524,
        2.8217697284141026,
        3.175509822163524,
        3.5001447183259673,
        2.904607598469347,
        3.518055609148723,
        3.9210506526607216,
        2.6762437404792143,
        3.1374491791651686,
        3.128493733753791,
        3.3479021463325456,
        3.39044051203659,
        3.2090927424561904,
        3.2135704651618795,
        3.47103952073899,
        2.736692997006014,
        3.0568501704627686,
        3.9210506526607216,
        3.692686794670589,
        3.070283338579835,
        3.179987544869213,
        3.4240234323292564
    ],
    "delta_mu_hats": [
        0.25864708076465776,
        0.25864708076465776,
        0.25864708076465776,
        0.25864708076465776,
        0.25864708076465776,
        0.25864708076465776,
        0.25864708076465776,
        0.25864708076465776,
        0.25864708076465776,
        0.25864708076465776,
        0.25864708076465776,
        0.25864708076465776,
        0.25864708076465776,
        0.25864708076465776,
        0.25864708076465776,
        0.25864708076465776,
        0.25864708076465776,
        0.25864708076465776,
        0.25864708076465776,
        0.25864708076465776,
        0.25864708076465776,
        0.25864708076465776,
        0.25864708076465776,
        0.25864708076465776,
        0.25864708076465776
    ],
    "p16s": [
        2.8922352665175772,
        2.6593936858217555,
        3.172092935623132,
        3.017611502276866,
        2.5631226476494446,
        2.916862741398866,
        3.2414976375613094,
        2.645960517704689,
        3.259408528384065,
        3.6624035718960637,
        2.4175966597145564,
        2.8788020984005107,
        2.869846652989133,
        3.0892550655678876,
        3.131793431271932,
        2.9504456616915324,
        2.9549233843972216,
        3.212392439974332,
        2.478045916241356,
        2.7982030896981107,
        3.6624035718960637,
        3.434039713905931,
        2.8116362578151772,
        2.921340464104555,
        3.1653763515645985
    ],
    "p84s": [
        3.409529428046893,
        3.1766878473510713,
        3.689387097152448,
        3.5349056638061818,
        3.0804168091787605,
        3.4341569029281818,
        3.758791799090625,
        3.163254679234005,
        3.776702689913381,
        4.179697733425379,
        2.9348908212438722,
        3.3960962599298266,
        3.3871408145184487,
        3.6065492270972035,
        3.649087592801248,
        3.4677398232208483,
        3.4722175459265374,
        3.729686601503648,
        2.995340077770672,
        3.3154972512274266,
        4.179697733425379,
        3.951333875435247,
        3.328930419344493,
        3.438634625633871,
        3.6826705130939144
    ]
}