{
    "mu_hats": [
        2.2127994404404157,
        1.7918935061056613,
        2.0135407800372604,
        1.9844355824502828,
        2.223993747204638,
        1.9396583553933942,
        1.5881571229968174,
        1.9687635529803718,
        1.7762214766357503,
        1.9710024143332163,
        1.765027169871528,
        2.5083291390158813,
        1.841148455868239,
        2.0650345911526826,
        1.688905883874817,
        2.226232608557482,
        2.223993747204638,
        1.9418972167462385,
        2.0180185027429496,
        2.0493625616827718,
        1.9889133051559718,
        1.9262251872763274,
        1.9844355824502828,
        1.8635370693966833,
        1.6799504384634394
    ],
    "delta_mu_hats": [
        0.25864708076465776,
        0.25864708076465776,
        0.25864708076465776,
        0.25864708076465776,
        0.25864708076465776,
        0.25864708076465776,
        0.25864708076465776,
        0.25864708076465776,
        0.25864708076465776,
        0.25864708076465776,
        0.25864708076465776,
        0.25864708076465776,
        0.25864708076465776,
        0.25864708076465776,
        0.25864708076465776,
        0.25864708076465776,
        0.25864708076465776,
        0.25864708076465776,
        0.25864708076465776,
        0.25864708076465776,
        0.25864708076465776,
        0.25864708076465776,
        0.25864708076465776,
        0.25864708076465776,
        0.25864708076465776
    ],
    "p16s": [
        1.954152359675758,
        1.5332464253410036,
        1.7548936992726027,
        1.7257885016856251,
        1.9653466664399801,
        1.6810112746287365,
        1.3295100422321597,
        1.710116472215714,
        1.5175743958710926,
        1.7123553335685586,
        1.5063800891068704,
        2.2496820582512234,
        1.5825013751035812,
        1.806387510388025,
        1.4302588031101593,
        1.9675855277928245,
        1.9653466664399801,
        1.6832501359815808,
        1.7593714219782919,
        1.790715480918114,
        1.730266224391314,
        1.6675781065116697,
        1.7257885016856251,
        1.6048899886320256,
        1.4213033576987817
    ],
    "p84s": [
        2.4714465212050736,
        2.0505405868703193,
        2.2721878608019184,
        2.2430826632149405,
        2.4826408279692957,
        2.198305436158052,
        1.8468042037614751,
        2.2274106337450297,
        2.034868557400408,
        2.229649495097874,
        2.023674250636186,
        2.766976219780539,
        2.0997955366328966,
        2.3236816719173405,
        1.9475529646394747,
        2.48487968932214,
        2.4826408279692957,
        2.200544297510896,
        2.2766655835076075,
        2.3080096424474297,
        2.2475603859206297,
        2.1848722680409853,
        2.2430826632149405,
        2.122184150161341,
        1.938597519228097
    ]
}