{
    "mu_hats": [
        4.142697926592321,
        4.807639748387119,
        4.24792441017601,
        4.462855100049076,
        4.160608817415077,
        4.487482574930365,
        4.3934503981108985,
        4.382256091346676,
        4.467332822754765,
        4.053143472478544,
        4.514348911164498,
        4.299418221291432,
        4.0979206995354325,
        4.176280846884988,
        4.041949165714321,
        4.633008562865253,
        4.261357578293076,
        4.429272179756409,
        4.129264758475254,
        3.936722682130633,
        4.0441880270671655,
        4.22777465800041,
        4.111353867652499,
        4.315090250761343,
        4.411361288933653
    ],
    "delta_mu_hats": [
        0.25864708076465776,
        0.25864708076465776,
        0.25864708076465776,
        0.25864708076465776,
        0.25864708076465776,
        0.25864708076465776,
        0.25864708076465776,
        0.25864708076465776,
        0.25864708076465776,
        0.25864708076465776,
        0.25864708076465776,
        0.25864708076465776,
        0.25864708076465776,
        0.25864708076465776,
        0.25864708076465776,
        0.25864708076465776,
        0.25864708076465776,
        0.25864708076465776,
        0.25864708076465776,
        0.25864708076465776,
        0.25864708076465776,
        0.25864708076465776,
        0.25864708076465776,
        0.25864708076465776,
        0.25864708076465776
    ],
    "p16s": [
        3.8840508458276632,
        4.5489926676224615,
        3.989277329411352,
        4.204208019284418,
        3.901961736650419,
        4.228835494165707,
        4.134803317346241,
        4.123609010582018,
        4.208685741990107,
        3.794496391713886,
        4.25570183039984,
        4.040771140526774,
        3.8392736187707746,
        3.91763376612033,
        3.7833020849496632,
        4.374361482100595,
        4.002710497528418,
        4.170625098991751,
        3.8706176777105963,
        3.678075601365975,
        3.7855409463025076,
        3.969127577235752,
        3.8527067868878415,
        4.056443169996685,
        4.152714208168995
    ],
    "p84s": [
        4.401345007356979,
        5.066286829151777,
        4.506571490940668,
        4.721502180813734,
        4.419255898179735,
        4.7461296556950225,
        4.6520974788755565,
        4.640903172111334,
        4.7259799035194225,
        4.311790553243202,
        4.772995991929156,
        4.5580653020560895,
        4.35656778030009,
        4.434927927649646,
        4.300596246478979,
        4.891655643629911,
        4.520004659057734,
        4.687919260521067,
        4.387911839239912,
        4.19536976289529,
        4.302835107831823,
        4.486421738765068,
        4.370000948417157,
        4.573737331526001,
        4.670008369698311
    ]
}