{
    "mu_hats": [
        2.772514778651525,
        2.8710246781766804,
        3.0367004182871686,
        2.4344467143720148,
        2.7143043834775695,
        2.9337127960563247,
        2.5284788911914813,
        2.671766017773525,
        2.875502400882369,
        2.65385512695077,
        2.812814283002725,
        2.8262474511197917,
        2.6180333453052587,
        2.8934132917051247,
        2.4120581008435704,
        2.450118743841926,
        2.864308094118147,
        3.1643155153993017,
        2.700871215360503,
        2.5598229501313035,
        2.557584088778459,
        3.090433090755435,
        2.8016199762385026,
        2.9807288844660578,
        2.445641021136237
    ],
    "delta_mu_hats": [
        0.25864708076465776,
        0.25864708076465776,
        0.25864708076465776,
        0.25864708076465776,
        0.25864708076465776,
        0.25864708076465776,
        0.25864708076465776,
        0.25864708076465776,
        0.25864708076465776,
        0.25864708076465776,
        0.25864708076465776,
        0.25864708076465776,
        0.25864708076465776,
        0.25864708076465776,
        0.25864708076465776,
        0.25864708076465776,
        0.25864708076465776,
        0.25864708076465776,
        0.25864708076465776,
        0.25864708076465776,
        0.25864708076465776,
        0.25864708076465776,
        0.25864708076465776,
        0.25864708076465776,
        0.25864708076465776
    ],
    "p16s": [
        2.5138676978868673,
        2.6123775974120225,
        2.7780533375225107,
        2.175799633607357,
        2.4556573027129116,
        2.675065715291667,
        2.2698318104268234,
        2.4131189370088673,
        2.616855320117711,
        2.395208046186112,
        2.5541672022380673,
        2.5676003703551338,
        2.3593862645406007,
        2.634766210940467,
        2.1534110200789125,
        2.191471663077268,
        2.605661013353489,
        2.9056684346346437,
        2.442224134595845,
        2.3011758693666455,
        2.298937008013801,
        2.8317860099907772,
        2.5429728954738446,
        2.7220818037014,
        2.186993940371579
    ],
    "p84s": [
        3.031161859416183,
        3.1296717589413383,
        3.2953474990518266,
        2.6930937951366727,
        2.9729514642422274,
        3.1923598768209827,
        2.787125971956139,
        2.930413098538183,
        3.134149481647027,
        2.912502207715428,
        3.071461363767383,
        3.0848945318844496,
        2.8766804260699166,
        3.1520603724697827,
        2.6707051816082283,
        2.708765824606584,
        3.122955174882805,
        3.4229625961639596,
        2.959518296125161,
        2.8184700308959614,
        2.816231169543117,
        3.349080171520093,
        3.0602670570031605,
        3.2393759652307157,
        2.704288101900895
    ]
}