{
    "mu_hats": [
        4.010605106774499,
        3.860601396133922,
        4.075532086006988,
        3.732986299021789,
        4.115831590358188,
        3.7061199627876555,
        4.046426888420011,
        3.9098563458964994,
        4.236730103411787,
        3.9456781275420107,
        4.40464470487512,
        4.650919453688009,
        4.406883566227965,
        3.6076100632625003,
        4.411361288933653,
        3.7262697149632555,
        3.956872434306233,
        3.9232895140135664,
        3.856123673428233,
        3.8113464463713442,
        3.549399668088545,
        3.9232895140135664,
        3.462084075327612,
        4.234491242058943,
        3.6882090719649003
    ],
    "delta_mu_hats": [
        0.25864708076465776,
        0.25864708076465776,
        0.25864708076465776,
        0.25864708076465776,
        0.25864708076465776,
        0.25864708076465776,
        0.25864708076465776,
        0.25864708076465776,
        0.25864708076465776,
        0.25864708076465776,
        0.25864708076465776,
        0.25864708076465776,
        0.25864708076465776,
        0.25864708076465776,
        0.25864708076465776,
        0.25864708076465776,
        0.25864708076465776,
        0.25864708076465776,
        0.25864708076465776,
        0.25864708076465776,
        0.25864708076465776,
        0.25864708076465776,
        0.25864708076465776,
        0.25864708076465776,
        0.25864708076465776
    ],
    "p16s": [
        3.7519580260098415,
        3.601954315369264,
        3.81688500524233,
        3.474339218257131,
        3.85718450959353,
        3.4474728820229976,
        3.787779807655353,
        3.6512092651318415,
        3.9780830226471293,
        3.687031046777353,
        4.145997624110462,
        4.392272372923351,
        4.148236485463307,
        3.3489629824978424,
        4.152714208168995,
        3.4676226341985976,
        3.698225353541575,
        3.6646424332489085,
        3.597476592663575,
        3.5526993656066863,
        3.290752587323887,
        3.6646424332489085,
        3.203436994562954,
        3.975844161294285,
        3.4295619912002424
    ],
    "p84s": [
        4.269252187539157,
        4.11924847689858,
        4.334179166771646,
        3.991633379786447,
        4.374478671122846,
        3.9647670435523135,
        4.305073969184669,
        4.168503426661157,
        4.495377184176445,
        4.204325208306669,
        4.663291785639778,
        4.909566534452667,
        4.6655306469926225,
        3.8662571440271583,
        4.670008369698311,
        3.9849167957279135,
        4.21551951507089,
        4.181936594778224,
        4.11477075419289,
        4.069993527136002,
        3.808046748853203,
        4.181936594778224,
        3.72073115609227,
        4.493138322823601,
        3.9468561527295583
    ]
}