{
    "mu_hats": [
        3.773285803372989,
        3.1150605656367243,
        3.6680593197893003,
        3.3411855622740125,
        3.0859553680497465,
        3.303124919275657,
        3.09267195210828,
        3.256108830865924,
        2.9337127960563247,
        3.267303137630146,
        3.2314813559846347,
        2.9941620525831243,
        3.5561162521470786,
        3.2650642762773017,
        3.206853881103346,
        3.3255135328041012,
        3.421784570976412,
        2.8463972032953917,
        2.7165432448304143,
        3.298647196569968,
        3.956872434306233,
        3.3210358100984125,
        2.9381905187620134,
        2.976251161760369,
        3.139688040518013
    ],
    "delta_mu_hats": [
        0.25864708076465776,
        0.25864708076465776,
        0.25864708076465776,
        0.25864708076465776,
        0.25864708076465776,
        0.25864708076465776,
        0.25864708076465776,
        0.25864708076465776,
        0.25864708076465776,
        0.25864708076465776,
        0.25864708076465776,
        0.25864708076465776,
        0.25864708076465776,
        0.25864708076465776,
        0.25864708076465776,
        0.25864708076465776,
        0.25864708076465776,
        0.25864708076465776,
        0.25864708076465776,
        0.25864708076465776,
        0.25864708076465776,
        0.25864708076465776,
        0.25864708076465776,
        0.25864708076465776,
        0.25864708076465776
    ],
    "p16s": [
        3.514638722608331,
        2.8564134848720664,
        3.4094122390246424,
        3.0825384815093546,
        2.8273082872850885,
        3.044477838510999,
        2.834024871343622,
        2.997461750101266,
        2.675065715291667,
        3.008656056865488,
        2.972834275219977,
        2.7355149718184664,
        3.2974691713824207,
        3.0064171955126437,
        2.948206800338688,
        3.0668664520394433,
        3.163137490211754,
        2.5877501225307338,
        2.4578961640657564,
        3.0400001158053103,
        3.698225353541575,
        3.0623887293337546,
        2.6795434379973555,
        2.717604080995711,
        2.881040959753355
    ],
    "p84s": [
        4.031932884137647,
        3.373707646401382,
        3.9267064005539583,
        3.5998326430386705,
        3.3446024488144044,
        3.561772000040315,
        3.351319032872938,
        3.5147559116305818,
        3.1923598768209827,
        3.525950218394804,
        3.4901284367492926,
        3.252809133347782,
        3.8147633329117365,
        3.5237113570419596,
        3.465500961868004,
        3.584160613568759,
        3.68043165174107,
        3.1050442840600496,
        2.9751903255950722,
        3.557294277334626,
        4.21551951507089,
        3.5796828908630705,
        3.1968375995266713,
        3.234898242525027,
        3.398335121282671
    ]
}