{
    "mu_hats": [
        2.4344467143720148,
        2.4053415167850374,
        2.7657981945929917,
        2.418774684902104,
        2.429968991666326,
        2.781470224062903,
        2.7277375515946365,
        2.9695345777018356,
        2.4031026554321926,
        2.8329640351783247,
        2.351608844316771,
        2.7389318583588587,
        2.55310636607277,
        2.271009835614371,
        2.900129875763658,
        2.4008637940793482,
        2.3247425080826374,
        2.996400913935969,
        3.155360069987924,
        2.7389318583588587,
        2.465790773311837,
        2.6113167612467256,
        2.781470224062903,
        2.183694242853438,
        2.837441757884014
    ],
    "delta_mu_hats": [
        0.25864708076465776,
        0.25864708076465776,
        0.25864708076465776,
        0.25864708076465776,
        0.25864708076465776,
        0.25864708076465776,
        0.25864708076465776,
        0.25864708076465776,
        0.25864708076465776,
        0.25864708076465776,
        0.25864708076465776,
        0.25864708076465776,
        0.25864708076465776,
        0.25864708076465776,
        0.25864708076465776,
        0.25864708076465776,
        0.25864708076465776,
        0.25864708076465776,
        0.25864708076465776,
        0.25864708076465776,
        0.25864708076465776,
        0.25864708076465776,
        0.25864708076465776,
        0.25864708076465776,
        0.25864708076465776
    ],
    "p16s": [
        2.175799633607357,
        2.1466944360203795,
        2.5071511138283338,
        2.160127604137446,
        2.171321910901668,
        2.522823143298245,
        2.4690904708299786,
        2.7108874969371777,
        2.1444555746675347,
        2.574316954413667,
        2.092961763552113,
        2.4802847775942007,
        2.294459285308112,
        2.012362754849713,
        2.6414827949990003,
        2.1422167133146903,
        2.0660954273179795,
        2.737753833171311,
        2.896712989223266,
        2.4802847775942007,
        2.207143692547179,
        2.3526696804820677,
        2.522823143298245,
        1.9250471620887801,
        2.578794677119356
    ],
    "p84s": [
        2.6930937951366727,
        2.6639885975496953,
        3.0244452753576496,
        2.677421765666762,
        2.688616072430984,
        3.040117304827561,
        2.9863846323592944,
        3.2281816584664935,
        2.6617497361968505,
        3.0916111159429827,
        2.610255925081429,
        2.9975789391235166,
        2.811753446837428,
        2.529656916379029,
        3.158776956528316,
        2.659510874844006,
        2.5833895888472953,
        3.255047994700627,
        3.4140071507525818,
        2.9975789391235166,
        2.724437854076495,
        2.8699638420113835,
        3.040117304827561,
        2.4423413236180957,
        3.096088838648672
    ]
}