{
    "mu_hats": [
        2.5396731979557035,
        2.3672808737866817,
        3.1844652675749017,
        2.6784826018320587,
        3.03222269558148,
        2.69415463130197,
        2.5441509206613926,
        2.5486286433670813,
        2.855352648706769,
        3.023267250170102,
        3.3590964530967677,
        2.438924437077704,
        2.875502400882369,
        2.7657981945929917,
        2.680721463184903,
        3.150882347282235,
        3.1240160110481017,
        3.43074001638779,
        2.4210135462549482,
        3.2135704651618795,
        2.9807288844660578,
        2.7075877994190365,
        2.6471385428922365,
        2.7657981945929917,
        3.4150679869178786
    ],
    "delta_mu_hats": [
        0.25864708076465776,
        0.25864708076465776,
        0.25864708076465776,
        0.25864708076465776,
        0.25864708076465776,
        0.25864708076465776,
        0.25864708076465776,
        0.25864708076465776,
        0.25864708076465776,
        0.25864708076465776,
        0.25864708076465776,
        0.25864708076465776,
        0.25864708076465776,
        0.25864708076465776,
        0.25864708076465776,
        0.25864708076465776,
        0.25864708076465776,
        0.25864708076465776,
        0.25864708076465776,
        0.25864708076465776,
        0.25864708076465776,
        0.25864708076465776,
        0.25864708076465776,
        0.25864708076465776,
        0.25864708076465776
    ],
    "p16s": [
        2.2810261171910455,
        2.108633793022024,
        2.9258181868102437,
        2.4198355210674007,
        2.773575614816822,
        2.435507550537312,
        2.2855038398967347,
        2.2899815626024234,
        2.596705567942111,
        2.764620169405444,
        3.10044937233211,
        2.180277356313046,
        2.616855320117711,
        2.5071511138283338,
        2.422074382420245,
        2.8922352665175772,
        2.8653689302834437,
        3.172092935623132,
        2.1623664654902903,
        2.9549233843972216,
        2.7220818037014,
        2.4489407186543786,
        2.3884914621275786,
        2.5071511138283338,
        3.1564209061532207
    ],
    "p84s": [
        2.7983202787203614,
        2.6259279545513396,
        3.4431123483395596,
        2.9371296825967166,
        3.290869776346138,
        2.952801712066628,
        2.8027980014260505,
        2.807275724131739,
        3.113999729471427,
        3.28191433093476,
        3.6177435338614257,
        2.697571517842362,
        3.134149481647027,
        3.0244452753576496,
        2.939368543949561,
        3.409529428046893,
        3.3826630918127596,
        3.689387097152448,
        2.679660627019606,
        3.4722175459265374,
        3.2393759652307157,
        2.9662348801836944,
        2.9057856236568944,
        3.0244452753576496,
        3.6737150676825365
    ]
}