{
    "mu_hats": [
        3.5001447183259673,
        3.4732783820918343,
        3.5717882816169895,
        3.9098563458964994,
        3.8359739212526334,
        3.553877390794234,
        3.558355113499923,
        3.4934281342674343,
        3.762091496608767,
        3.6680593197893003,
        3.614326647321034,
        3.426262293682101,
        3.6501484289665447,
        3.6591038743779225,
        3.3165580873927234,
        3.4934281342674343,
        3.343424423626857,
        3.7307474376689447,
        3.4061125415065012,
        3.3367078395683234,
        3.5561162521470786,
        3.043417002345702,
        3.4128291255650343,
        3.683731349259211,
        3.936722682130633
    ],
    "delta_mu_hats": [
        0.25864708076465776,
        0.25864708076465776,
        0.25864708076465776,
        0.25864708076465776,
        0.25864708076465776,
        0.25864708076465776,
        0.25864708076465776,
        0.25864708076465776,
        0.25864708076465776,
        0.25864708076465776,
        0.25864708076465776,
        0.25864708076465776,
        0.25864708076465776,
        0.25864708076465776,
        0.25864708076465776,
        0.25864708076465776,
        0.25864708076465776,
        0.25864708076465776,
        0.25864708076465776,
        0.25864708076465776,
        0.25864708076465776,
        0.25864708076465776,
        0.25864708076465776,
        0.25864708076465776,
        0.25864708076465776
    ],
    "p16s": [
        3.2414976375613094,
        3.2146313013271763,
        3.3131412008523315,
        3.6512092651318415,
        3.5773268404879754,
        3.295230310029576,
        3.299708032735265,
        3.2347810535027763,
        3.503444415844109,
        3.4094122390246424,
        3.355679566556376,
        3.167615212917443,
        3.3915013482018868,
        3.4004567936132646,
        3.0579110066280655,
        3.2347810535027763,
        3.084777342862199,
        3.4721003569042868,
        3.1474654607418433,
        3.0780607588036655,
        3.2974691713824207,
        2.784769921581044,
        3.1541820448003763,
        3.4250842684945533,
        3.678075601365975
    ],
    "p84s": [
        3.758791799090625,
        3.731925462856492,
        3.8304353623816474,
        4.168503426661157,
        4.094621002017291,
        3.8125244715588917,
        3.817002194264581,
        3.752075215032092,
        4.020738577373424,
        3.9267064005539583,
        3.8729737280856917,
        3.6849093744467587,
        3.9087955097312026,
        3.9177509551425804,
        3.5752051681573813,
        3.752075215032092,
        3.602071504391515,
        3.9893945184336026,
        3.664759622271159,
        3.5953549203329813,
        3.8147633329117365,
        3.30206408311036,
        3.671476206329692,
        3.942378430023869,
        4.19536976289529
    ]
}