{
    "mu_hats": [
        2.3359368148468596,
        2.1501113225607713,
        2.4725073573703704,
        1.7202499428146392,
        2.0269739481543274,
        1.8433873172210833,
        2.721020967536103,
        2.3404145375525487,
        2.0269739481543274,
        2.0292128095071718,
        1.6239789046423283,
        1.9307029099820163,
        2.2083217177347265,
        2.0269739481543274,
        2.0068241959787274,
        2.098617511445349,
        2.0157796413901052,
        1.6956224679333505,
        1.729205388226017,
        2.1120506795624157,
        1.9889133051559718,
        2.127722709032327,
        2.159066767972149,
        2.2105605790875713,
        1.9530915235104607
    ],
    "delta_mu_hats": [
        0.25864708076465776,
        0.25864708076465776,
        0.25864708076465776,
        0.25864708076465776,
        0.25864708076465776,
        0.25864708076465776,
        0.25864708076465776,
        0.25864708076465776,
        0.25864708076465776,
        0.25864708076465776,
        0.25864708076465776,
        0.25864708076465776,
        0.25864708076465776,
        0.25864708076465776,
        0.25864708076465776,
        0.25864708076465776,
        0.25864708076465776,
        0.25864708076465776,
        0.25864708076465776,
        0.25864708076465776,
        0.25864708076465776,
        0.25864708076465776,
        0.25864708076465776,
        0.25864708076465776,
        0.25864708076465776
    ],
    "p16s": [
        2.0772897340822016,
        1.8914642417961136,
        2.2138602766057125,
        1.4616028620499815,
        1.7683268673896697,
        1.5847402364564256,
        2.462373886771445,
        2.0817674567878908,
        1.7683268673896697,
        1.770565728742514,
        1.3653318238776706,
        1.6720558292173586,
        1.9496746369700688,
        1.7683268673896697,
        1.7481771152140697,
        1.8399704306806914,
        1.7571325606254475,
        1.4369753871686928,
        1.4705583074613593,
        1.853403598797758,
        1.730266224391314,
        1.8690756282676693,
        1.9004196872074914,
        1.9519134983229136,
        1.694444442745803
    ],
    "p84s": [
        2.5945838956115175,
        2.4087584033254292,
        2.7311544381350283,
        1.9788970235792969,
        2.2856210289189853,
        2.102034397985741,
        2.979668048300761,
        2.5990616183172066,
        2.2856210289189853,
        2.2878598902718297,
        1.882625985406986,
        2.189349990746674,
        2.4669687984993844,
        2.2856210289189853,
        2.2654712767433853,
        2.357264592210007,
        2.274426722154763,
        1.9542695486980082,
        1.9878524689906747,
        2.3706977603270736,
        2.2475603859206297,
        2.386369789796985,
        2.417713848736807,
        2.4692076598522292,
        2.2117386042751184
    ]
}