{
    "mu_hats": [
        2.1053340955038826,
        2.223993747204638,
        2.7478873037702365,
        2.3448922602582374,
        2.136678154443705,
        2.0292128095071718,
        2.839680619236858,
        2.602361315835348,
        2.040407116271394,
        2.445641021136237,
        2.649377404245081,
        2.4747462187232148,
        1.9687635529803718,
        2.884457846293747,
        2.5799727023069035,
        2.855352648706769,
        2.5553452274256148,
        1.9889133051559718,
        2.250860083438771,
        2.0851843433282826,
        2.944907102820547,
        3.197898435691968,
        2.485940525487437,
        2.0381682549185496,
        2.0157796413901052
    ],
    "delta_mu_hats": [
        0.25864708076465776,
        0.25864708076465776,
        0.25864708076465776,
        0.25864708076465776,
        0.25864708076465776,
        0.25864708076465776,
        0.25864708076465776,
        0.25864708076465776,
        0.25864708076465776,
        0.25864708076465776,
        0.25864708076465776,
        0.25864708076465776,
        0.25864708076465776,
        0.25864708076465776,
        0.25864708076465776,
        0.25864708076465776,
        0.25864708076465776,
        0.25864708076465776,
        0.25864708076465776,
        0.25864708076465776,
        0.25864708076465776,
        0.25864708076465776,
        0.25864708076465776,
        0.25864708076465776,
        0.25864708076465776
    ],
    "p16s": [
        1.846687014739225,
        1.9653466664399801,
        2.4892402230055786,
        2.0862451794935795,
        1.878031073679047,
        1.770565728742514,
        2.5810335384722003,
        2.34371423507069,
        1.7817600355067362,
        2.186993940371579,
        2.390730323480423,
        2.216099137958557,
        1.710116472215714,
        2.625810765529089,
        2.3213256215422455,
        2.596705567942111,
        2.296698146660957,
        1.730266224391314,
        1.9922130026741132,
        1.826537262563625,
        2.686260022055889,
        2.9392513549273103,
        2.227293444722779,
        1.7795211741538919,
        1.7571325606254475
    ],
    "p84s": [
        2.3639811762685405,
        2.4826408279692957,
        3.0065343845348944,
        2.6035393410228953,
        2.3953252352083627,
        2.2878598902718297,
        3.098327700001516,
        2.8610083966000057,
        2.299054197036052,
        2.704288101900895,
        2.9080244850097388,
        2.7333932994878727,
        2.2274106337450297,
        3.143104927058405,
        2.8386197830715614,
        3.113999729471427,
        2.8139923081902727,
        2.2475603859206297,
        2.509507164203429,
        2.3438314240929405,
        3.203554183585205,
        3.456545516456626,
        2.744587606252095,
        2.2968153356832075,
        2.274426722154763
    ]
}