{
    "mu_hats": [
        3.090433090755435,
        3.063566754521302,
        3.3322301168626347,
        3.2404368013960125,
        3.3568575917439234,
        2.844158341942547,
        3.278497444394368,
        3.5113390250901895,
        3.247153385454546,
        3.4553674912690786,
        3.363574175802457,
        3.2650642762773017,
        3.2493922468073904,
        3.0971496748139686,
        2.63370537477517,
        3.4083514028593456,
        2.9023687371165026,
        3.088194229402591,
        3.1822264062220573,
        2.9135630438807247,
        3.0053563593473465,
        2.9381905187620134,
        3.4844726888560564,
        2.8934132917051247,
        2.362803151080993
    ],
    "delta_mu_hats": [
        0.25864708076465776,
        0.25864708076465776,
        0.25864708076465776,
        0.25864708076465776,
        0.25864708076465776,
        0.25864708076465776,
        0.25864708076465776,
        0.25864708076465776,
        0.25864708076465776,
        0.25864708076465776,
        0.25864708076465776,
        0.25864708076465776,
        0.25864708076465776,
        0.25864708076465776,
        0.25864708076465776,
        0.25864708076465776,
        0.25864708076465776,
        0.25864708076465776,
        0.25864708076465776,
        0.25864708076465776,
        0.25864708076465776,
        0.25864708076465776,
        0.25864708076465776,
        0.25864708076465776,
        0.25864708076465776
    ],
    "p16s": [
        2.8317860099907772,
        2.804919673756644,
        3.073583036097977,
        2.9817897206313546,
        3.0982105109792655,
        2.585511261177889,
        3.0198503636297103,
        3.2526919443255315,
        2.988506304689888,
        3.1967204105044207,
        3.104927095037799,
        3.0064171955126437,
        2.9907451660427324,
        2.8385025940493107,
        2.375058294010512,
        3.1497043220946876,
        2.6437216563518446,
        2.829547148637933,
        2.9235793254573994,
        2.654915963116067,
        2.7467092785826885,
        2.6795434379973555,
        3.2258256080913985,
        2.634766210940467,
        2.104156070316335
    ],
    "p84s": [
        3.349080171520093,
        3.32221383528596,
        3.5908771976272926,
        3.4990838821606705,
        3.6155046725085813,
        3.102805422707205,
        3.537144525159026,
        3.7699861058548474,
        3.505800466219204,
        3.7140145720337365,
        3.622221256567115,
        3.5237113570419596,
        3.5080393275720483,
        3.3557967555786266,
        2.892352455539828,
        3.6669984836240035,
        3.1610158178811605,
        3.3468413101672487,
        3.4408734869867152,
        3.1722101246453827,
        3.2640034401120044,
        3.1968375995266713,
        3.7431197696207144,
        3.1520603724697827,
        2.621450231845651
    ]
}