{
    "mu_hats": [
        3.880751148309522,
        4.3330011415840985,
        4.169564262826454,
        4.3531508937596985,
        4.718085294273342,
        4.335240002936943,
        4.418077872992187,
        3.860601396133922,
        4.339717725642632,
        4.111353867652499,
        4.500915743047432,
        3.977022186481833,
        4.487482574930365,
        4.422555595697876,
        4.518826633870186,
        3.8785122869566773,
        4.10687614494681,
        4.579275890396986,
        3.994933077304588,
        4.32404569617272,
        4.080009808712677,
        4.362106339171076,
        4.299418221291432,
        3.988216493246055,
        4.2121026285304985
    ],
    "delta_mu_hats": [
        0.25864708076465776,
        0.25864708076465776,
        0.25864708076465776,
        0.25864708076465776,
        0.25864708076465776,
        0.25864708076465776,
        0.25864708076465776,
        0.25864708076465776,
        0.25864708076465776,
        0.25864708076465776,
        0.25864708076465776,
        0.25864708076465776,
        0.25864708076465776,
        0.25864708076465776,
        0.25864708076465776,
        0.25864708076465776,
        0.25864708076465776,
        0.25864708076465776,
        0.25864708076465776,
        0.25864708076465776,
        0.25864708076465776,
        0.25864708076465776,
        0.25864708076465776,
        0.25864708076465776,
        0.25864708076465776
    ],
    "p16s": [
        3.622104067544864,
        4.074354060819441,
        3.9109171820617963,
        4.094503812995041,
        4.459438213508684,
        4.076592922172285,
        4.159430792227529,
        3.601954315369264,
        4.081070644877974,
        3.8527067868878415,
        4.242268662282774,
        3.718375105717175,
        4.228835494165707,
        4.163908514933218,
        4.260179553105528,
        3.6198652061920193,
        3.848229064182152,
        4.320628809632328,
        3.73628599653993,
        4.065398615408062,
        3.821362727948019,
        4.103459258406418,
        4.040771140526774,
        3.729569412481397,
        3.9534555477658406
    ],
    "p84s": [
        4.13939822907418,
        4.5916482223487565,
        4.428211343591112,
        4.6117979745243565,
        4.976732375038,
        4.593887083701601,
        4.676724953756845,
        4.11924847689858,
        4.5983648064072895,
        4.370000948417157,
        4.7595628238120895,
        4.23566926724649,
        4.7461296556950225,
        4.681202676462534,
        4.777473714634844,
        4.137159367721335,
        4.365523225711468,
        4.837922971161644,
        4.253580158069246,
        4.582692776937378,
        4.338656889477335,
        4.620753419935734,
        4.5580653020560895,
        4.246863574010713,
        4.4707497092951565
    ]
}