{
    "mu_hats": [
        1.8389095945153944,
        1.7515940017544613,
        1.3620321263595292,
        0.9814256963759747,
        1.601590291113884,
        1.621740043289484,
        1.6687561316992172,
        2.058318007094149,
        1.6709949930520616,
        1.7627883085186835,
        1.5232301437643287,
        1.5277078664700174,
        1.621740043289484,
        1.4045704920635735,
        1.550096479998462,
        1.7023390519918837,
        1.8814479602194387,
        1.8299541491040168,
        2.1030952341510383,
        1.673233854404906,
        1.6866670225219726,
        1.5680073708212174,
        1.3754652944765957,
        1.9374194940405498,
        1.6195011819366396
    ],
    "delta_mu_hats": [
        0.25864708076465776,
        0.25864708076465776,
        0.25864708076465776,
        0.25864708076465776,
        0.25864708076465776,
        0.25864708076465776,
        0.25864708076465776,
        0.25864708076465776,
        0.25864708076465776,
        0.25864708076465776,
        0.25864708076465776,
        0.25864708076465776,
        0.25864708076465776,
        0.25864708076465776,
        0.25864708076465776,
        0.25864708076465776,
        0.25864708076465776,
        0.25864708076465776,
        0.25864708076465776,
        0.25864708076465776,
        0.25864708076465776,
        0.25864708076465776,
        0.25864708076465776,
        0.25864708076465776,
        0.25864708076465776
    ],
    "p16s": [
        1.5802625137507367,
        1.4929469209898036,
        1.1033850455948715,
        0.722778615611317,
        1.3429432103492263,
        1.3630929625248263,
        1.4101090509345595,
        1.7996709263294914,
        1.4123479122874039,
        1.5041412277540258,
        1.264583062999671,
        1.2690607857053597,
        1.3630929625248263,
        1.1459234112989158,
        1.2914493992338043,
        1.443691971227226,
        1.622800879454781,
        1.571307068339359,
        1.8444481533863806,
        1.4145867736402482,
        1.428019941757315,
        1.3093602900565597,
        1.116818213711938,
        1.678772413275892,
        1.360854101171982
    ],
    "p84s": [
        2.0975566752800523,
        2.0102410825191193,
        1.620679207124187,
        1.2400727771406324,
        1.8602373718785417,
        1.8803871240541417,
        1.927403212463875,
        2.316965087858807,
        1.9296420738167193,
        2.0214353892833414,
        1.7818772245289864,
        1.7863549472346751,
        1.8803871240541417,
        1.6632175728282312,
        1.8087435607631197,
        1.9609861327565414,
        2.1400950409840966,
        2.0886012298686745,
        2.361742314915696,
        1.9318809351695636,
        1.9453141032866303,
        1.8266544515858751,
        1.6341123752412534,
        2.1960665748052075,
        1.8781482627012973
    ]
}