{
    "mu_hats": [
        2.709826660771881,
        3.2023761583976573,
        2.857591510059614,
        2.6471385428922365,
        2.9404293801148578,
        2.788186808121436,
        2.97177343905468,
        2.5687783955426813,
        2.839680619236858,
        3.0075952207001913,
        2.7075877994190365,
        3.5516385294413895,
        2.9784900231132134,
        2.6381830974808587,
        3.3859627893309012,
        3.3859627893309012,
        2.9493848255262356,
        3.2852140284529012,
        2.788186808121436,
        3.697164517376278,
        2.877741262235214,
        3.1128217042838795,
        2.9583402709376134,
        3.3322301168626347,
        3.486711550208901
    ],
    "delta_mu_hats": [
        0.25864708076465776,
        0.25864708076465776,
        0.25864708076465776,
        0.25864708076465776,
        0.25864708076465776,
        0.25864708076465776,
        0.25864708076465776,
        0.25864708076465776,
        0.25864708076465776,
        0.25864708076465776,
        0.25864708076465776,
        0.25864708076465776,
        0.25864708076465776,
        0.25864708076465776,
        0.25864708076465776,
        0.25864708076465776,
        0.25864708076465776,
        0.25864708076465776,
        0.25864708076465776,
        0.25864708076465776,
        0.25864708076465776,
        0.25864708076465776,
        0.25864708076465776,
        0.25864708076465776,
        0.25864708076465776
    ],
    "p16s": [
        2.451179580007223,
        2.9437290776329994,
        2.598944429294956,
        2.3884914621275786,
        2.6817822993502,
        2.529539727356778,
        2.713126358290022,
        2.3101313147780234,
        2.5810335384722003,
        2.7489481399355333,
        2.4489407186543786,
        3.2929914486767315,
        2.7198429423485555,
        2.3795360167162007,
        3.1273157085662433,
        3.1273157085662433,
        2.6907377447615777,
        3.0265669476882433,
        2.529539727356778,
        3.4385174366116202,
        2.619094181470556,
        2.8541746235192216,
        2.6996931901729555,
        3.073583036097977,
        3.228064469444243
    ],
    "p84s": [
        2.9684737415365388,
        3.4610232391623152,
        3.116238590824272,
        2.9057856236568944,
        3.1990764608795157,
        3.046833888886094,
        3.230420519819338,
        2.827425476307339,
        3.098327700001516,
        3.266242301464849,
        2.9662348801836944,
        3.8102856102060474,
        3.2371371038778713,
        2.8968301782455166,
        3.644609870095559,
        3.644609870095559,
        3.2080319062908935,
        3.543861109217559,
        3.046833888886094,
        3.955811598140936,
        3.136388342999872,
        3.3714687850485374,
        3.2169873517022713,
        3.5908771976272926,
        3.7453586309735587
    ]
}