{
    "mu_hats": [
        3.625520954085256,
        4.270313023704454,
        3.876273425603833,
        4.277029607762987,
        3.6904479333177447,
        4.494199158988898,
        3.9053786231908107,
        4.012843968127344,
        4.035232581655788,
        3.9143340686021886,
        4.238968964764632,
        3.724030853610411,
        3.900900900485122,
        3.6591038743779225,
        3.8314961985469442,
        4.135981342533788,
        3.5673105589113008,
        4.12702589712241,
        4.003888522715966,
        4.2322523807060985,
        4.0777709473598325,
        3.681492487906367,
        4.3733006459352985,
        3.900900900485122,
        4.115831590358188
    ],
    "delta_mu_hats": [
        0.25864708076465776,
        0.25864708076465776,
        0.25864708076465776,
        0.25864708076465776,
        0.25864708076465776,
        0.25864708076465776,
        0.25864708076465776,
        0.25864708076465776,
        0.25864708076465776,
        0.25864708076465776,
        0.25864708076465776,
        0.25864708076465776,
        0.25864708076465776,
        0.25864708076465776,
        0.25864708076465776,
        0.25864708076465776,
        0.25864708076465776,
        0.25864708076465776,
        0.25864708076465776,
        0.25864708076465776,
        0.25864708076465776,
        0.25864708076465776,
        0.25864708076465776,
        0.25864708076465776,
        0.25864708076465776
    ],
    "p16s": [
        3.366873873320598,
        4.011665942939796,
        3.617626344839175,
        4.018382526998329,
        3.4318008525530868,
        4.23555207822424,
        3.646731542426153,
        3.754196887362686,
        3.77658550089113,
        3.6556869878375307,
        3.9803218839999737,
        3.4653837728457533,
        3.642253819720464,
        3.4004567936132646,
        3.5728491177822863,
        3.87733426176913,
        3.308663478146643,
        3.868378816357752,
        3.7452414419513085,
        3.9736052999414406,
        3.8191238665951746,
        3.422845407141709,
        4.114653565170641,
        3.642253819720464,
        3.85718450959353
    ],
    "p84s": [
        3.884168034849914,
        4.528960104469112,
        4.13492050636849,
        4.535676688527645,
        3.9490950140824026,
        4.752846239753556,
        4.164025703955469,
        4.271491048892002,
        4.293879662420446,
        4.172981149366846,
        4.4976160455292895,
        3.982677934375069,
        4.15954798124978,
        3.9177509551425804,
        4.090143279311602,
        4.394628423298446,
        3.8259576396759587,
        4.385672977887068,
        4.262535603480624,
        4.4908994614707565,
        4.33641802812449,
        3.9401395686710248,
        4.6319477266999565,
        4.15954798124978,
        4.374478671122846
    ]
}