{
    "mu_hats": [
        3.8337350598997886,
        3.6210432313795673,
        3.7889578328429,
        3.8516459507225442,
        3.468800659386145,
        3.6792536265535225,
        3.4643229366804564,
        3.8919454550737442,
        3.5829825883812116,
        3.5225333318544116,
        3.7777635260786777,
        3.2695419989829904,
        3.661342735730767,
        3.6702981811421447,
        3.645670706260856,
        3.9344838207777886,
        3.9389615434834773,
        3.5404442226771673,
        3.2247647719261017,
        3.9143340686021886,
        2.877741262235214,
        3.732986299021789,
        3.6277598154381003,
        3.4799949661503673,
        3.7307474376689447
    ],
    "delta_mu_hats": [
        0.25864708076465776,
        0.25864708076465776,
        0.25864708076465776,
        0.25864708076465776,
        0.25864708076465776,
        0.25864708076465776,
        0.25864708076465776,
        0.25864708076465776,
        0.25864708076465776,
        0.25864708076465776,
        0.25864708076465776,
        0.25864708076465776,
        0.25864708076465776,
        0.25864708076465776,
        0.25864708076465776,
        0.25864708076465776,
        0.25864708076465776,
        0.25864708076465776,
        0.25864708076465776,
        0.25864708076465776,
        0.25864708076465776,
        0.25864708076465776,
        0.25864708076465776,
        0.25864708076465776,
        0.25864708076465776
    ],
    "p16s": [
        3.5750879791351307,
        3.3623961506149094,
        3.530310752078242,
        3.5929988699578863,
        3.210153578621487,
        3.4206065457888646,
        3.2056758559157985,
        3.6332983743090863,
        3.3243355076165537,
        3.2638862510897537,
        3.51911644531402,
        3.0108949182183324,
        3.402695654966109,
        3.4116511003774868,
        3.387023625496198,
        3.6758367400131307,
        3.6803144627188193,
        3.2817971419125094,
        2.9661176911614437,
        3.6556869878375307,
        2.619094181470556,
        3.474339218257131,
        3.3691127346734424,
        3.2213478853857094,
        3.4721003569042868
    ],
    "p84s": [
        4.092382140664446,
        3.879690312144225,
        4.047604913607557,
        4.110293031487202,
        3.727447740150803,
        3.9379007073181804,
        3.7229700174451144,
        4.150592535838402,
        3.8416296691458696,
        3.7811804126190696,
        4.036410606843336,
        3.5281890797476483,
        3.9199898164954248,
        3.9289452619068026,
        3.904317787025514,
        4.193130901542446,
        4.197608624248135,
        3.799091303441825,
        3.4834118526907596,
        4.172981149366846,
        3.136388342999872,
        3.991633379786447,
        3.8864068962027583,
        3.738642046915025,
        3.9893945184336026
    ]
}