{
    "mu_hats": [
        2.4814628027817482,
        2.562061811484148,
        2.55310636607277,
        2.0650345911526826,
        2.0135407800372604,
        2.1254838476794826,
        2.8150531443555695,
        2.4322078530191704,
        2.8665469554709917,
        3.1061051202253465,
        2.4031026554321926,
        2.5889281477182813,
        2.904607598469347,
        2.0896620660339713,
        2.6180333453052587,
        2.99192319123028,
        3.2516311081602347,
        2.2530989447916157,
        3.135210317812324,
        2.792664530827125,
        2.69415463130197,
        2.7143043834775695,
        2.3605642897281487,
        2.65385512695077,
        2.705348938066192
    ],
    "delta_mu_hats": [
        0.25864708076465776,
        0.25864708076465776,
        0.25864708076465776,
        0.25864708076465776,
        0.25864708076465776,
        0.25864708076465776,
        0.25864708076465776,
        0.25864708076465776,
        0.25864708076465776,
        0.25864708076465776,
        0.25864708076465776,
        0.25864708076465776,
        0.25864708076465776,
        0.25864708076465776,
        0.25864708076465776,
        0.25864708076465776,
        0.25864708076465776,
        0.25864708076465776,
        0.25864708076465776,
        0.25864708076465776,
        0.25864708076465776,
        0.25864708076465776,
        0.25864708076465776,
        0.25864708076465776,
        0.25864708076465776
    ],
    "p16s": [
        2.2228157220170903,
        2.30341473071949,
        2.294459285308112,
        1.806387510388025,
        1.7548936992726027,
        1.866836766914825,
        2.5564060635909116,
        2.1735607722545125,
        2.6078998747063338,
        2.8474580394606885,
        2.1444555746675347,
        2.3302810669536234,
        2.645960517704689,
        1.8310149852693136,
        2.3593862645406007,
        2.733276110465622,
        2.992984027395577,
        1.994451864026958,
        2.876563237047666,
        2.5340174500624673,
        2.435507550537312,
        2.4556573027129116,
        2.1019172089634908,
        2.395208046186112,
        2.446701857301534
    ],
    "p84s": [
        2.740109883546406,
        2.8207088922488057,
        2.811753446837428,
        2.3236816719173405,
        2.2721878608019184,
        2.3841309284441405,
        3.0737002251202274,
        2.6908549337838283,
        3.1251940362356496,
        3.3647522009900044,
        2.6617497361968505,
        2.847575228482939,
        3.163254679234005,
        2.3483091467986292,
        2.8766804260699166,
        3.250570271994938,
        3.5102781889248926,
        2.5117460255562736,
        3.3938573985769818,
        3.051311611591783,
        2.952801712066628,
        2.9729514642422274,
        2.6192113704928066,
        2.912502207715428,
        2.96399601883085
    ]
}