{
    "mu_hats": [
        2.1120506795624157,
        2.476985080076059,
        2.5710172568955256,
        1.8859256829251276,
        2.5351954752500148,
        2.3045927559070374,
        2.206082856381882,
        3.01207294340588,
        2.55310636607277,
        2.2486212220859265,
        2.5083291390158813,
        2.877741262235214,
        2.4008637940793482,
        2.506090277663037,
        2.2486212220859265,
        2.2329491926160157,
        2.067273452505527,
        2.9068464598221913,
        2.3471311216110817,
        2.6359442361280143,
        2.3471311216110817,
        2.705348938066192,
        2.5396731979557035,
        2.8978910144108134,
        2.273248696967215
    ],
    "delta_mu_hats": [
        0.25864708076465776,
        0.25864708076465776,
        0.25864708076465776,
        0.25864708076465776,
        0.25864708076465776,
        0.25864708076465776,
        0.25864708076465776,
        0.25864708076465776,
        0.25864708076465776,
        0.25864708076465776,
        0.25864708076465776,
        0.25864708076465776,
        0.25864708076465776,
        0.25864708076465776,
        0.25864708076465776,
        0.25864708076465776,
        0.25864708076465776,
        0.25864708076465776,
        0.25864708076465776,
        0.25864708076465776,
        0.25864708076465776,
        0.25864708076465776,
        0.25864708076465776,
        0.25864708076465776,
        0.25864708076465776
    ],
    "p16s": [
        1.853403598797758,
        2.218337999311401,
        2.3123701761308677,
        1.62727860216047,
        2.276548394485357,
        2.0459456751423795,
        1.9474357756172245,
        2.753425862641222,
        2.294459285308112,
        1.9899741413212688,
        2.2496820582512234,
        2.619094181470556,
        2.1422167133146903,
        2.247443196898379,
        1.9899741413212688,
        1.974302111851358,
        1.8086263717408693,
        2.6481993790575333,
        2.088484040846424,
        2.3772971553633564,
        2.088484040846424,
        2.446701857301534,
        2.2810261171910455,
        2.6392439336461555,
        2.0146016162025573
    ],
    "p84s": [
        2.3706977603270736,
        2.735632160840717,
        2.8296643376601835,
        2.1445727636897853,
        2.7938425560146727,
        2.5632398366716953,
        2.46472993714654,
        3.270720024170538,
        2.811753446837428,
        2.5072683028505844,
        2.766976219780539,
        3.136388342999872,
        2.659510874844006,
        2.764737358427695,
        2.5072683028505844,
        2.4915962733806736,
        2.325920533270185,
        3.165493540586849,
        2.6057782023757396,
        2.8945913168926722,
        2.6057782023757396,
        2.96399601883085,
        2.7983202787203614,
        3.1565380951754713,
        2.531895777731873
    ]
}