{
    "mu_hats": [
        2.456835327900459,
        2.546389782014237,
        1.6486063795236172,
        2.369519735139526,
        2.67400487912637,
        2.3001150332013487,
        2.394147210020815,
        2.1232449863266383,
        2.1210061249737935,
        1.729205388226017,
        2.188171965559127,
        1.8321930104568611,
        1.872492514808061,
        1.932941771334861,
        2.0292128095071718,
        1.8098043969284168,
        2.5329566138971704,
        2.4031026554321926,
        2.116528402268105,
        2.118767263620949,
        1.8747313761609055,
        1.8254764263983279,
        2.4411632984305482,
        1.9777189983917496,
        2.199366272323349
    ],
    "delta_mu_hats": [
        0.25864708076465776,
        0.25864708076465776,
        0.25864708076465776,
        0.25864708076465776,
        0.25864708076465776,
        0.25864708076465776,
        0.25864708076465776,
        0.25864708076465776,
        0.25864708076465776,
        0.25864708076465776,
        0.25864708076465776,
        0.25864708076465776,
        0.25864708076465776,
        0.25864708076465776,
        0.25864708076465776,
        0.25864708076465776,
        0.25864708076465776,
        0.25864708076465776,
        0.25864708076465776,
        0.25864708076465776,
        0.25864708076465776,
        0.25864708076465776,
        0.25864708076465776,
        0.25864708076465776,
        0.25864708076465776
    ],
    "p16s": [
        2.198188247135801,
        2.287742701249579,
        1.3899592987589595,
        2.110872654374868,
        2.415357798361712,
        2.0414679524366908,
        2.1355001292561573,
        1.8645979055619806,
        1.8623590442091358,
        1.4705583074613593,
        1.9295248847944693,
        1.5735459296922034,
        1.6138454340434032,
        1.6742946905702032,
        1.770565728742514,
        1.551157316163759,
        2.2743095331325125,
        2.1444555746675347,
        1.857881321503447,
        1.8601201828562914,
        1.6160842953962478,
        1.5668293456336702,
        2.1825162176658903,
        1.7190719176270919,
        1.9407191915586914
    ],
    "p84s": [
        2.715482408665117,
        2.805036862778895,
        1.907253460288275,
        2.628166815904184,
        2.932651959891028,
        2.5587621139660066,
        2.652794290785473,
        2.381892067091296,
        2.3796532057384514,
        1.9878524689906747,
        2.446819046323785,
        2.090840091221519,
        2.131139595572719,
        2.191588852099519,
        2.2878598902718297,
        2.0684514776930745,
        2.7916036946618283,
        2.6617497361968505,
        2.3751754830327627,
        2.377414344385607,
        2.133378456925563,
        2.0841235071629858,
        2.699810379195206,
        2.2363660791564075,
        2.458013353088007
    ]
}