{
    "mu_hats": [
        2.1053340955038826,
        1.5120358370001066,
        2.1904108269119713,
        2.1053340955038826,
        2.604600177188192,
        2.163544490677838,
        2.353847705669615,
        2.116528402268105,
        2.0739900365640604,
        2.3045927559070374,
        1.9575692462161496,
        1.7560717244601503,
        2.056079145741305,
        2.2530989447916157,
        1.9396583553933942,
        1.704577913344728,
        1.8702536534552165,
        1.9463749394519274,
        2.2575766674973043,
        2.107572956856727,
        1.4605420258846844,
        1.8053266742227279,
        2.0695123138583718,
        2.185933104206282,
        2.286681865084282
    ],
    "delta_mu_hats": [
        0.25864708076465776,
        0.25864708076465776,
        0.25864708076465776,
        0.25864708076465776,
        0.25864708076465776,
        0.25864708076465776,
        0.25864708076465776,
        0.25864708076465776,
        0.25864708076465776,
        0.25864708076465776,
        0.25864708076465776,
        0.25864708076465776,
        0.25864708076465776,
        0.25864708076465776,
        0.25864708076465776,
        0.25864708076465776,
        0.25864708076465776,
        0.25864708076465776,
        0.25864708076465776,
        0.25864708076465776,
        0.25864708076465776,
        0.25864708076465776,
        0.25864708076465776,
        0.25864708076465776,
        0.25864708076465776
    ],
    "p16s": [
        1.846687014739225,
        1.2533887562354489,
        1.9317637461473136,
        1.846687014739225,
        2.3459530964235342,
        1.9048974099131801,
        2.0952006249049573,
        1.857881321503447,
        1.8153429557994027,
        2.0459456751423795,
        1.6989221654514919,
        1.4974246436954926,
        1.797432064976647,
        1.994451864026958,
        1.6810112746287365,
        1.4459308325800704,
        1.6116065726905588,
        1.6877278586872697,
        1.9989295867326466,
        1.8489258760920693,
        1.2018949451200267,
        1.5466795934580702,
        1.810865233093714,
        1.9272860234416245,
        2.0280347843196243
    ],
    "p84s": [
        2.3639811762685405,
        1.7706829177647643,
        2.4490579076766292,
        2.3639811762685405,
        2.86324725795285,
        2.4221915714424957,
        2.612494786434273,
        2.3751754830327627,
        2.3326371173287184,
        2.5632398366716953,
        2.2162163269808075,
        2.014718805224808,
        2.3147262265059627,
        2.5117460255562736,
        2.198305436158052,
        1.9632249941093858,
        2.1289007342198745,
        2.2050220202165853,
        2.5162237482619623,
        2.366220037621385,
        1.719189106649342,
        2.063973754987386,
        2.3281593946230297,
        2.44458018497094,
        2.54532894584894
    ]
}