{
    "mu_hats": [
        1.7986100901641946,
        2.1613056293249935,
        1.5836794002911285,
        2.183694242853438,
        2.3851917646094374,
        1.7896546447528168,
        2.2598155288501487,
        1.9575692462161496,
        2.2284714699103265,
        1.8075655355755722,
        1.7829380606942835,
        2.165783352030682,
        1.7583105858129946,
        2.4277301303134817,
        1.3217326220083292,
        1.6060680138195729,
        1.693383606580506,
        1.9575692462161496,
        2.0851843433282826,
        1.9687635529803718,
        1.1963563862490407,
        2.17473879744206,
        1.7784603379885946,
        1.9418972167462385,
        2.351608844316771
    ],
    "delta_mu_hats": [
        0.25864708076465776,
        0.25864708076465776,
        0.25864708076465776,
        0.25864708076465776,
        0.25864708076465776,
        0.25864708076465776,
        0.25864708076465776,
        0.25864708076465776,
        0.25864708076465776,
        0.25864708076465776,
        0.25864708076465776,
        0.25864708076465776,
        0.25864708076465776,
        0.25864708076465776,
        0.25864708076465776,
        0.25864708076465776,
        0.25864708076465776,
        0.25864708076465776,
        0.25864708076465776,
        0.25864708076465776,
        0.25864708076465776,
        0.25864708076465776,
        0.25864708076465776,
        0.25864708076465776,
        0.25864708076465776
    ],
    "p16s": [
        1.539963009399537,
        1.9026585485603358,
        1.3250323195264708,
        1.9250471620887801,
        2.1265446838447795,
        1.531007563988159,
        2.0011684480854908,
        1.6989221654514919,
        1.9698243891456688,
        1.5489184548109145,
        1.5242909799296258,
        1.9071362712660245,
        1.499663505048337,
        2.169083049548824,
        1.0630855412436715,
        1.3474209330549152,
        1.4347365258158482,
        1.6989221654514919,
        1.826537262563625,
        1.710116472215714,
        0.937709305484383,
        1.9160917166774023,
        1.519813257223937,
        1.6832501359815808,
        2.092961763552113
    ],
    "p84s": [
        2.0572571709288523,
        2.4199527100896514,
        1.8423264810557862,
        2.4423413236180957,
        2.6438388453740953,
        2.0483017255174745,
        2.5184626096148066,
        2.2162163269808075,
        2.4871185506749844,
        2.06621261634023,
        2.0415851414589414,
        2.42443043279534,
        2.0169576665776523,
        2.6863772110781396,
        1.580379702772987,
        1.8647150945842306,
        1.9520306873451636,
        2.2162163269808075,
        2.3438314240929405,
        2.2274106337450297,
        1.4550034670136984,
        2.433385878206718,
        2.0371074187532523,
        2.200544297510896,
        2.610255925081429
    ]
}