{
    "mu_hats": [
        2.4277301303134817,
        2.5351954752500148,
        2.4411632984305482,
        2.3919083486679704,
        2.1030952341510383,
        2.311309339965571,
        2.3672808737866817,
        2.179216520147749,
        2.056079145741305,
        2.604600177188192,
        2.096378650092505,
        2.5284788911914813,
        1.9553303848633052,
        2.3404145375525487,
        2.266532112908682,
        2.3090704786127265,
        2.3269813694354817,
        2.4993736936045035,
        2.3471311216110817,
        2.3650420124338374,
        2.9695345777018356,
        1.505319252941573,
        2.282204142378593,
        2.3448922602582374,
        2.4277301303134817
    ],
    "delta_mu_hats": [
        0.25864708076465776,
        0.25864708076465776,
        0.25864708076465776,
        0.25864708076465776,
        0.25864708076465776,
        0.25864708076465776,
        0.25864708076465776,
        0.25864708076465776,
        0.25864708076465776,
        0.25864708076465776,
        0.25864708076465776,
        0.25864708076465776,
        0.25864708076465776,
        0.25864708076465776,
        0.25864708076465776,
        0.25864708076465776,
        0.25864708076465776,
        0.25864708076465776,
        0.25864708076465776,
        0.25864708076465776,
        0.25864708076465776,
        0.25864708076465776,
        0.25864708076465776,
        0.25864708076465776,
        0.25864708076465776
    ],
    "p16s": [
        2.169083049548824,
        2.276548394485357,
        2.1825162176658903,
        2.1332612679033125,
        1.8444481533863806,
        2.052662259200913,
        2.108633793022024,
        1.9205694393830914,
        1.797432064976647,
        2.3459530964235342,
        1.837731569327847,
        2.2698318104268234,
        1.6966833040986475,
        2.0817674567878908,
        2.0078850321440243,
        2.0504233978480686,
        2.068334288670824,
        2.2407266128398455,
        2.088484040846424,
        2.1063949316691795,
        2.7108874969371777,
        1.2466721721769154,
        2.023557061613935,
        2.0862451794935795,
        2.169083049548824
    ],
    "p84s": [
        2.6863772110781396,
        2.7938425560146727,
        2.699810379195206,
        2.6505554294326283,
        2.361742314915696,
        2.569956420730229,
        2.6259279545513396,
        2.437863600912407,
        2.3147262265059627,
        2.86324725795285,
        2.3550257308571627,
        2.787125971956139,
        2.213977465627963,
        2.5990616183172066,
        2.52517919367334,
        2.5677175593773844,
        2.5856284502001396,
        2.7580207743691614,
        2.6057782023757396,
        2.6236890931984953,
        3.2281816584664935,
        1.7639663337062308,
        2.540851223143251,
        2.6035393410228953,
        2.6863772110781396
    ]
}