{
    "mu_hats": [
        1.8120432582812611,
        1.6665172703463726,
        1.7112944974032616,
        1.908314296453572,
        1.704577913344728,
        1.4963638075301955,
        1.9911521665088163,
        1.8948811283365055,
        2.0247350868014826,
        1.8792090988665944,
        1.4851695007659733,
        1.7001001906390392,
        1.4806917780602844,
        1.5433798959399285,
        1.8075655355755722,
        2.1501113225607713,
        1.7157722201089503,
        1.5612907867626842,
        1.8948811283365055,
        1.800848951517039,
        1.5859182616439729,
        1.5769628162325953,
        2.1299615703851713,
        1.7068167746975726,
        1.514274698352951
    ],
    "delta_mu_hats": [
        0.25864708076465776,
        0.25864708076465776,
        0.25864708076465776,
        0.25864708076465776,
        0.25864708076465776,
        0.25864708076465776,
        0.25864708076465776,
        0.25864708076465776,
        0.25864708076465776,
        0.25864708076465776,
        0.25864708076465776,
        0.25864708076465776,
        0.25864708076465776,
        0.25864708076465776,
        0.25864708076465776,
        0.25864708076465776,
        0.25864708076465776,
        0.25864708076465776,
        0.25864708076465776,
        0.25864708076465776,
        0.25864708076465776,
        0.25864708076465776,
        0.25864708076465776,
        0.25864708076465776,
        0.25864708076465776
    ],
    "p16s": [
        1.5533961775166034,
        1.407870189581715,
        1.4526474166386039,
        1.6496672156889143,
        1.4459308325800704,
        1.2377167267655378,
        1.7325050857441586,
        1.6362340475718478,
        1.766088006036825,
        1.6205620181019367,
        1.2265224200013156,
        1.4414531098743815,
        1.2220446972956267,
        1.2847328151752708,
        1.5489184548109145,
        1.8914642417961136,
        1.4571251393442926,
        1.3026437059980265,
        1.6362340475718478,
        1.5422018707523812,
        1.3272711808793152,
        1.3183157354679376,
        1.8713144896205136,
        1.448169693932915,
        1.2556276175882932
    ],
    "p84s": [
        2.070690339045919,
        1.9251643511110303,
        1.9699415781679193,
        2.1669613772182297,
        1.9632249941093858,
        1.7550108882948532,
        2.249799247273474,
        2.153528209101163,
        2.2833821675661405,
        2.1378561796312523,
        1.743816581530631,
        1.9587472714036969,
        1.739338858824942,
        1.8020269767045862,
        2.06621261634023,
        2.4087584033254292,
        1.974419300873608,
        1.8199378675273419,
        2.153528209101163,
        2.0594960322816966,
        1.8445653424086306,
        1.835609896997253,
        2.3886086511498292,
        1.9654638554622303,
        1.7729217791176086
    ]
}